1	PanOCT	STOP_CORE	768150	769992	.	+	.	ID=STOP_CORE1;Name=STOP_CORE;Note=START_CORE1213-:5375-:5374+:STOP_CORE1217+
1	PanOCT	fgi_CL	767791	769720	.	+	.	Parent=STOP_CORE1;Index=1;Note=5375-:5374+
1	PanOCT	STOP_CORE	1847382	1848750	.	+	.	ID=STOP_CORE2;Name=STOP_CORE;Note=START_CORE2581-:STOP_CORE2583+
1	PanOCT	fgi_CL	1846486	1848232	.	+	.	Parent=STOP_CORE2;Index=1;Note=
1	PanOCT	STOP_CORE	154624	181576	.	+	.	ID=STOP_CORE3;Name=STOP_CORE;Note=START_CORE593+:5497+:5496+:5495+:5494+:5493-:5492-:5491-:5490-:5489-:5488-:5487-:5486-:5485-:5484+:5483+:5482+:5481+:5480+:5479+:5478+:5477+:5476+:5475+:5474+:5473-:5472+:5471-:5470-:5469-:5468-:5467-:5466-:STOP_CORE631-
1	PanOCT	fgi_CL	155343	182574	.	+	.	Parent=STOP_CORE3;Index=1;Note=5497+:5496+:5495+:5494+:5493-:5492-:5491-:5490-:5489-:5488-:5487-:5486-:5485-:5484+:5483+:5482+:5481+:5480+:5479+:5478+:5477+:5476+:5475+:5474+:5473-:5472+:5471-:5470-:5469-:5468-:5467-:5466-
1	PanOCT	STOP_CORE	1787877	1788921	.	+	.	ID=STOP_CORE4;Name=STOP_CORE;Note=START_CORE2252-:5341+:STOP_CORE2255+
1	PanOCT	fgi_CL	1787332	1788484	.	+	.	Parent=STOP_CORE4;Index=1;Note=5341+
1	PanOCT	STOP_CORE	2986224	3033586	.	+	.	ID=STOP_CORE5;Name=STOP_CORE;Note=START_CORE1871-:5665-:5664-:5663-:5662-:5661-:5660-:5659-:5658-:5657-:5656-:5655-:5654-:5653-:5652+:5651-:5650-:5649-:5648-:5647-:5646-:5645-:5644-:5643-:5642-:5641-:5640+:5639+:5638+:5637+:5636+:5635+:5634+:5633+:5632+:5631+:5630+:5629+:5628+:5627-:5626-:5625-:5624-:5623+:5622+:5621-:5620+:5619+:5618+:5617+:5616-:5615-:5614-:5613-:5612-:5611-:5610-:5609-:5608-:5607-:STOP_CORE3649-
1	PanOCT	fgi_CL	2985694	3034893	.	+	.	Parent=STOP_CORE5;Index=1;Note=5665-:5664-:5663-:5662-:5661-:5660-:5659-:5658-:5657-:5656-:5655-:5654-:5653-:5652+:5651-:5650-:5649-:5648-:5647-:5646-:5645-:5644-:5643-:5642-:5641-:5640+:5639+:5638+:5637+:5636+:5635+:5634+:5633+:5632+:5631+:5630+:5629+:5628+:5627-:5626-:5625-:5624-:5623+:5622+:5621-:5620+:5619+:5618+:5617+:5616-:5615-:5614-:5613-:5612-:5611-:5610-:5609-:5608-:5607-
1	PanOCT	STOP_CORE	1576350	1577161	.	+	.	ID=STOP_CORE6;Name=STOP_CORE;Note=START_CORE2048-:STOP_CORE2052-
1	PanOCT	fgi_CL	1575055	1577877	.	+	.	Parent=STOP_CORE6;Index=1;Note=
1	PanOCT	STOP_CORE	3725134	3733621	.	+	.	ID=STOP_CORE7;Name=STOP_CORE;Note=START_CORE4172+:STOP_CORE4181-
1	PanOCT	fgi_CL	3726510	3734220	.	+	.	Parent=STOP_CORE7;Index=1;Note=
1	PanOCT	STOP_CORE	120150	126052	.	+	.	ID=STOP_CORE8;Name=STOP_CORE;Note=START_CORE562-:STOP_CORE568-
1	PanOCT	fgi_CL	118015	127692	.	+	.	Parent=STOP_CORE8;Index=1;Note=
1	PanOCT	STOP_CORE	543220	546514	.	+	.	ID=STOP_CORE9;Name=STOP_CORE;Note=START_CORE959+:5427+:5426+:5425+:5424+:STOP_CORE960-
1	PanOCT	fgi_CL	544470	547257	.	+	.	Parent=STOP_CORE9;Index=1;Note=5427+:5426+:5425+:5424+
1	PanOCT	STOP_CORE	3077746	3079584	.	+	.	ID=STOP_CORE10;Name=STOP_CORE;Note=START_CORE3663+:3664+:STOP_CORE3665+
1	PanOCT	fgi_CL	3078942	3079240	.	+	.	Parent=STOP_CORE10;Index=1;Note=3664+
1	PanOCT	STOP_CORE	3151612	3157690	.	+	.	ID=STOP_CORE11;Name=STOP_CORE;Note=START_CORE3738+:5584+:5583+:5582+:5581+:STOP_CORE3739-
1	PanOCT	fgi_CL	3153681	3158031	.	+	.	Parent=STOP_CORE11;Index=1;Note=5584+:5583+:5582+:5581+
1	PanOCT	STOP_CORE	754384	759963	.	+	.	ID=STOP_CORE12;Name=STOP_CORE;Note=START_CORE1202+:1203+:5379-:1205+:5378+:STOP_CORE1207+
1	PanOCT	fgi_CL	755124	759496	.	+	.	Parent=STOP_CORE12;Index=1;Note=1203+:5379-:1205+:5378+
1	PanOCT	STOP_CORE	643786	644857	.	+	.	ID=STOP_CORE13;Name=STOP_CORE;Note=START_CORE1059+:5423+:5422+:STOP_CORE1060-
1	PanOCT	fgi_CL	644181	645549	.	+	.	Parent=STOP_CORE13;Index=1;Note=5423+:5422+
1	PanOCT	STOP_CORE	1364040	1400287	.	+	.	ID=STOP_CORE14;Name=STOP_CORE;Note=START_CORE1815-:STOP_CORE1874-
1	PanOCT	fgi_CL	1363543	1401567	.	+	.	Parent=STOP_CORE14;Index=1;Note=
1	PanOCT	STOP_CORE	3642844	3643807	.	+	.	ID=STOP_CORE15;Name=STOP_CORE;Note=START_CORE4118+:5554+:STOP_CORE4119-
1	PanOCT	fgi_CL	3643281	3644991	.	+	.	Parent=STOP_CORE15;Index=1;Note=5554+
1	PanOCT	STOP_CORE	2297286	2311501	.	+	.	ID=STOP_CORE16;Name=STOP_CORE;Note=START_CORE2982-:2983-:5253-:5252-:5251-:5250+:5249+:5248+:5247-:5246-:5245-:5244-:5243-:5242-:5241+:5240-:5239+:5238+:5237+:5236+:5235+:STOP_CORE2985-
1	PanOCT	fgi_CL	2296363	2312046	.	+	.	Parent=STOP_CORE16;Index=1;Note=2983-:5253-:5252-:5251-:5250+:5249+:5248+:5247-:5246-:5245-:5244-:5243-:5242-:5241+:5240-:5239+:5238+:5237+:5236+:5235+
3	PanOCT	STOP_CORE	38992	43818	.	+	.	ID=STOP_CORE17;Name=STOP_CORE;Note=START_CORE45+:46+:STOP_CORE47+
3	PanOCT	fgi_CL	42018	43042	.	+	.	Parent=STOP_CORE17;Index=1;Note=46+
1	PanOCT	STOP_CORE	210811	213921	.	+	.	ID=STOP_CORE18;Name=STOP_CORE;Note=START_CORE656+:5463-:5462+:STOP_CORE657+
1	PanOCT	fgi_CL	211287	213601	.	+	.	Parent=STOP_CORE18;Index=1;Note=5463-:5462+
1	PanOCT	STOP_CORE	1987864	1991205	.	+	.	ID=STOP_CORE19;Name=STOP_CORE;Note=START_CORE2714+:5333+:5332-:STOP_CORE2715+
1	PanOCT	fgi_CL	1988262	1990420	.	+	.	Parent=STOP_CORE19;Index=1;Note=5333+:5332-
1	PanOCT	STOP_CORE	3403222	3404845	.	+	.	ID=STOP_CORE20;Name=STOP_CORE;Note=START_CORE4064+:STOP_CORE4066-
1	PanOCT	fgi_CL	3404085	3406389	.	+	.	Parent=STOP_CORE20;Index=1;Note=
1	PanOCT	STOP_CORE	760327	766870	.	+	.	ID=STOP_CORE21;Name=STOP_CORE;Note=START_CORE1209+:1210+:5377+:5376-:STOP_CORE1212-
1	PanOCT	fgi_CL	762801	767790	.	+	.	Parent=STOP_CORE21;Index=1;Note=1210+:5377+:5376-
1	PanOCT	STOP_CORE	3096357	3097050	.	+	.	ID=STOP_CORE22;Name=STOP_CORE;Note=START_CORE3676-:5585+:STOP_CORE3677+
1	PanOCT	fgi_CL	3096202	3096874	.	+	.	Parent=STOP_CORE22;Index=1;Note=5585+
1	PanOCT	STOP_CORE	3044212	3074154	.	+	.	ID=STOP_CORE23;Name=STOP_CORE;Note=START_CORE3659+:5606-:5605-:5604-:5603-:5602-:5601+:5600+:5599+:5598+:5597+:5596+:5595+:5594+:5593-:5592+:STOP_CORE3660+
1	PanOCT	fgi_CL	3045384	3062734	.	+	.	Parent=STOP_CORE23;Index=1;Note=5606-:5605-:5604-:5603-:5602-:5601+:5600+:5599+:5598+:5597+:5596+:5595+:5594+:5593-:5592+
1	PanOCT	STOP_CORE	84228	91237	.	+	.	ID=STOP_CORE24;Name=STOP_CORE;Note=START_CORE534-:STOP_CORE535-
1	PanOCT	fgi_CL	82894	91875	.	+	.	Parent=STOP_CORE24;Index=1;Note=
4	PanOCT	U_CORE	19332	96627	.	-	.	ID=U_CORE25;Name=U_CORE;Note=START_CORE3981-:5722+:5721+:5720+:5719+:5718+:5717+:5716+:5715-:5714-:5713-:5712+:5711+:5710-:5709+:5708+:5707-:5706-:5705+:5704+:5703-:5702-:5701-:5700-:5699-:5698-:5697+:5696+:U_CORE3975-
4	PanOCT	fgi_CL	19213	96274	.	-	.	Parent=U_CORE25;Index=1;Note=5722+:5721+:5720+:5719+:5718+:5717+:5716+:5715-:5714-:5713-:5712+:5711+:5710-:5709+:5708+:5707-:5706-:5705+:5704+:5703-:5702-:5701-:5700-:5699-:5698-:5697+:5696+
1	PanOCT	STOP_CORE	1142158	1144882	.	+	.	ID=STOP_CORE26;Name=STOP_CORE;Note=START_CORE1579+:5362+:STOP_CORE1580-
1	PanOCT	fgi_CL	1144434	1145097	.	+	.	Parent=STOP_CORE26;Index=1;Note=5362+
1	PanOCT	STOP_CORE	1065831	1068262	.	+	.	ID=STOP_CORE27;Name=STOP_CORE;Note=START_CORE1497-:STOP_CORE1499-
1	PanOCT	fgi_CL	1065019	1069158	.	+	.	Parent=STOP_CORE27;Index=1;Note=
1	PanOCT	STOP_CORE	2693104	2695374	.	+	.	ID=STOP_CORE28;Name=STOP_CORE;Note=START_CORE3356+:STOP_CORE3358+
1	PanOCT	fgi_CL	2693442	2694382	.	+	.	Parent=STOP_CORE28;Index=1;Note=
1	PanOCT	U_CORE	1516473	1528003	.	-	.	ID=U_CORE29;Name=U_CORE;Note=START_CORE1994-:5350-:5351-:5352-:5353-:5354-:5355-:5356-:U_CORE1992-
1	PanOCT	fgi_CL	1515841	1528200	.	-	.	Parent=U_CORE29;Index=1;Note=5350-:5351-:5352-:5353-:5354-:5355-:5356-
4	PanOCT	Break	41197	42198	.	-	.	ID=Break30;Name=Break;Note=START_CORE3976+
1	PanOCT	STOP_CORE	1738251	1739619	.	+	.	ID=STOP_CORE31;Name=STOP_CORE;Note=START_CORE2200-:2201-:5343+:STOP_CORE2202+
1	PanOCT	fgi_CL	1737649	1739347	.	+	.	Parent=STOP_CORE31;Index=1;Note=2201-:5343+
1	PanOCT	STOP_CORE	246348	247713	.	+	.	ID=STOP_CORE32;Name=STOP_CORE;Note=START_CORE694-:STOP_CORE696+
1	PanOCT	fgi_CL	245575	247084	.	+	.	Parent=STOP_CORE32;Index=1;Note=
1	PanOCT	STOP_CORE	302056	310416	.	+	.	ID=STOP_CORE33;Name=STOP_CORE;Note=START_CORE753+:STOP_CORE762+
1	PanOCT	fgi_CL	303003	309598	.	+	.	Parent=STOP_CORE33;Index=1;Note=
1	PanOCT	STOP_CORE	858043	859525	.	+	.	ID=STOP_CORE34;Name=STOP_CORE;Note=START_CORE1295+:5366+:STOP_CORE1296-
1	PanOCT	fgi_CL	859056	860064	.	+	.	Parent=STOP_CORE34;Index=1;Note=5366+
1	PanOCT	STOP_CORE	3419724	3421167	.	+	.	ID=STOP_CORE35;Name=STOP_CORE;Note=START_CORE4081-:5556-:5555-:STOP_CORE4082+
1	PanOCT	fgi_CL	3416452	3420874	.	+	.	Parent=STOP_CORE35;Index=1;Note=5556-:5555-
2	PanOCT	STOP_CORE	456090	460852	.	+	.	ID=STOP_CORE36;Name=STOP_CORE;Note=START_CORE4829-:4828-:5764-:4827-:4826-:4825-:STOP_CORE4824-
2	PanOCT	fgi_CL	455053	462678	.	+	.	Parent=STOP_CORE36;Index=1;Note=4828-:5764-:4827-:4826-:4825-
1	PanOCT	STOP_CORE	3972327	3973564	.	+	.	ID=STOP_CORE37;Name=STOP_CORE;Note=START_CORE4454-:STOP_CORE4456-
1	PanOCT	fgi_CL	3972070	3973965	.	+	.	Parent=STOP_CORE37;Index=1;Note=
2	PanOCT	STOP_CORE	349162	351229	.	+	.	ID=STOP_CORE38;Name=STOP_CORE;Note=START_CORE153+:5757+:5758+:5759+:151-:STOP_CORE150-
2	PanOCT	fgi_CL	349500	352107	.	+	.	Parent=STOP_CORE38;Index=1;Note=5757+:5758+:5759+:151-
1	PanOCT	STOP_CORE	1630566	1632126	.	+	.	ID=STOP_CORE39;Name=STOP_CORE;Note=START_CORE2110-:2111-:STOP_CORE2112+
1	PanOCT	fgi_CL	1630264	1631419	.	+	.	Parent=STOP_CORE39;Index=1;Note=2111-
2	PanOCT	STOP_CORE	604842	606181	.	+	.	ID=STOP_CORE40;Name=STOP_CORE;Note=START_CORE4676-:STOP_CORE4674-
2	PanOCT	fgi_CL	604372	607365	.	+	.	Parent=STOP_CORE40;Index=1;Note=
1	PanOCT	STOP_CORE	2064546	2064736	.	+	.	ID=STOP_CORE41;Name=STOP_CORE;Note=START_CORE2766-:5290+:STOP_CORE2767-
1	PanOCT	fgi_CL	2062918	2065380	.	+	.	Parent=STOP_CORE41;Index=1;Note=5290+
1	PanOCT	STOP_CORE	1795228	1804153	.	+	.	ID=STOP_CORE42;Name=STOP_CORE;Note=START_CORE2263+:2265-:2532-:2533-:2534+:2535-:2536-:2537-:2538+:2539-:STOP_CORE2540-
1	PanOCT	fgi_CL	1796517	1804635	.	+	.	Parent=STOP_CORE42;Index=1;Note=2265-:2532-:2533-:2534+:2535-:2536-:2537-:2538+:2539-
2	PanOCT	STOP_CORE	418594	420961	.	+	.	ID=STOP_CORE43;Name=STOP_CORE;Note=START_CORE78+:STOP_CORE77-
2	PanOCT	fgi_CL	419877	421305	.	+	.	Parent=STOP_CORE43;Index=1;Note=
1	PanOCT	STOP_CORE	659965	664135	.	+	.	ID=STOP_CORE44;Name=STOP_CORE;Note=START_CORE1077+:STOP_CORE1080-
1	PanOCT	fgi_CL	663051	665691	.	+	.	Parent=STOP_CORE44;Index=1;Note=
3	PanOCT	STOP_CORE	43042	44928	.	+	.	ID=STOP_CORE45;Name=STOP_CORE;Note=START_CORE47+:STOP_CORE49+
3	PanOCT	fgi_CL	43818	44050	.	+	.	Parent=STOP_CORE45;Index=1;Note=
1	PanOCT	STOP_CORE	1341976	1343686	.	+	.	ID=STOP_CORE46;Name=STOP_CORE;Note=START_CORE1789+:STOP_CORE1791-
1	PanOCT	fgi_CL	1343196	1344804	.	+	.	Parent=STOP_CORE46;Index=1;Note=
1	PanOCT	U_CORE	19332	4089486	.	-	.	ID=U_CORE47;Name=U_CORE;Note=START_CORE4563+:4562+:5682-:5683-:5684-:5685-:5686-:5687-:5688-:5689-:5690-:5691-:5692-:5693-:5694-:5695+:U_CORE3975+
1	PanOCT	fgi_CL	19213	4089055	.	-	.	Parent=U_CORE47;Index=1;Note=4562+:5682-:5683-:5684-:5685-:5686-:5687-:5688-:5689-:5690-:5691-:5692-:5693-:5694-:5695+
1	PanOCT	STOP_CORE	798966	805789	.	+	.	ID=STOP_CORE48;Name=STOP_CORE;Note=START_CORE1241-:5373+:5372+:5371+:5370+:5369-:STOP_CORE5368-
1	PanOCT	fgi_CL	797848	806241	.	+	.	Parent=STOP_CORE48;Index=1;Note=5373+:5372+:5371+:5370+:5369-
1	PanOCT	STOP_CORE	3867504	3867685	.	+	.	ID=STOP_CORE49;Name=STOP_CORE;Note=START_CORE4319-:5508+:STOP_CORE4320-
1	PanOCT	fgi_CL	3866869	3868074	.	+	.	Parent=STOP_CORE49;Index=1;Note=5508+
1	PanOCT	STOP_CORE	1640470	1647880	.	+	.	ID=STOP_CORE50;Name=STOP_CORE;Note=START_CORE2125+:5349-:5348+:5347+:STOP_CORE1216-
1	PanOCT	fgi_CL	1642500	1648560	.	+	.	Parent=STOP_CORE50;Index=1;Note=5349-:5348+:5347+
1	PanOCT	U_CORE	1515841	1528200	.	+	.	ID=U_CORE51;Name=U_CORE;Note=START_CORE1992+:5356+:5355+:5354+:5353+:5352+:5351+:5350+:U_CORE1994+
1	PanOCT	fgi_CL	1516473	1528003	.	+	.	Parent=U_CORE51;Index=1;Note=5356+:5355+:5354+:5353+:5352+:5351+:5350+
2	PanOCT	STOP_CORE	319548	349500	.	+	.	ID=STOP_CORE52;Name=STOP_CORE;Note=START_CORE184-:5755+:5756-:STOP_CORE153+
2	PanOCT	fgi_CL	318160	349162	.	+	.	Parent=STOP_CORE52;Index=1;Note=5755+:5756-
1	PanOCT	STOP_CORE	3082977	3087811	.	+	.	ID=STOP_CORE53;Name=STOP_CORE;Note=START_CORE5591-:5590-:5589-:5588-:5587-:5586+:STOP_CORE3669-
1	PanOCT	fgi_CL	3082249	3089187	.	+	.	Parent=STOP_CORE53;Index=1;Note=5590-:5589-:5588-:5587-:5586+
1	PanOCT	STOP_CORE	2754085	2756832	.	+	.	ID=STOP_CORE54;Name=STOP_CORE;Note=START_CORE3422+:5213-:5212+:STOP_CORE3423+
1	PanOCT	fgi_CL	2754252	2756368	.	+	.	Parent=STOP_CORE54;Index=1;Note=5213-:5212+
1	PanOCT	STOP_CORE	1627215	1630264	.	+	.	ID=STOP_CORE55;Name=STOP_CORE;Note=START_CORE2107-:2108-:STOP_CORE2110-
1	PanOCT	fgi_CL	1626364	1630566	.	+	.	Parent=STOP_CORE55;Index=1;Note=2108-
1	PanOCT	STOP_CORE	1413154	1421173	.	+	.	ID=STOP_CORE56;Name=STOP_CORE;Note=START_CORE1887+:STOP_CORE1888-
1	PanOCT	fgi_CL	1415058	1422513	.	+	.	Parent=STOP_CORE56;Index=1;Note=
4	PanOCT	U_CORE	58401	96273	.	-	.	ID=U_CORE57;Name=U_CORE;Note=START_CORE3980+:5723+:5724-:5725-:5726+:5727+:5728+:5729+:5730+:5731+:5732-:5733-:5734-:5735-:5736+:3986-:5737+:5738+:5739-:5740+:5741+:5742-:4008-:4012+:4013-:4014-:4015-:4016-:4017-:5743+:5744+:5745+:5746+:5747+:4019-:4020-:4021-:4022-:4023-:4024-:4025-:4026-:4027-:4028-:4029-:4030+:4031-:4032-:4033-:4034-:4035-:4036-:4037-:4038-:4039-:4040-:4041-:4042-:4043-:5748-:5749+:5750+:5751+:4044-:4045-:4046-:4047-:4048-:4049-:4050-:4051-:4052-:4053-:U_CORE449+
4	PanOCT	fgi_CL	57784	95950	.	-	.	Parent=U_CORE57;Index=1;Note=5723+:5724-:5725-:5726+:5727+:5728+:5729+:5730+:5731+:5732-:5733-:5734-:5735-:5736+:3986-:5737+:5738+:5739-:5740+:5741+:5742-:4008-:4012+:4013-:4014-:4015-:4016-:4017-:5743+:5744+:5745+:5746+:5747+:4019-:4020-:4021-:4022-:4023-:4024-:4025-:4026-:4027-:4028-:4029-:4030+:4031-:4032-:4033-:4034-:4035-:4036-:4037-:4038-:4039-:4040-:4041-:4042-:4043-:5748-:5749+:5750+:5751+:4044-:4045-:4046-:4047-:4048-:4049-:4050-:4051-:4052-:4053-
1	PanOCT	STOP_CORE	408757	411076	.	+	.	ID=STOP_CORE58;Name=STOP_CORE;Note=START_CORE851+:5456-:STOP_CORE853-
1	PanOCT	fgi_CL	410001	411675	.	+	.	Parent=STOP_CORE58;Index=1;Note=5456-
1	PanOCT	STOP_CORE	10884	4108753	.	-	.	ID=STOP_CORE59;Name=STOP_CORE;Note=START_CORE4583+:4584-:4585+:4586-:4587-:4588-:4589-:4590-:5503-:5502+:STOP_CORE450+
1	PanOCT	fgi_CL	10042	4109100	.	-	.	Parent=STOP_CORE59;Index=1;Note=4584-:4585+:4586-:4587-:4588-:4589-:4590-:5503-:5502+
3	PanOCT	STOP_CORE	46245	100795	.	+	.	ID=STOP_CORE60;Name=STOP_CORE;Note=START_CORE1-:4898-:4897+:4896+:4895+:4894+:4893+:4892+:4891+:4890+:STOP_CORE2324-
3	PanOCT	fgi_CL	44929	102132	.	+	.	Parent=STOP_CORE60;Index=1;Note=4898-:4897+:4896+:4895+:4894+:4893+:4892+:4891+:4890+
1	PanOCT	STOP_CORE	264043	266317	.	+	.	ID=STOP_CORE61;Name=STOP_CORE;Note=START_CORE716+:5459-:5458-:5457-:STOP_CORE717-
1	PanOCT	fgi_CL	264759	267330	.	+	.	Parent=STOP_CORE61;Index=1;Note=5459-:5458-:5457-
3	PanOCT	Break	32506	33363	.	-	.	ID=Break62;Name=Break;Note=START_CORE41+:4903+:2501-:2500-:2467-:2468+:4904+:2469-:2470-:2471-:4905+:4906+:4907+:4908+:4909-:4910+:4911-:4912-:4913-:4914-:4915-:4916-:4917-:4918-:4919-:4920+:4921+:4922+:4923-:4924-:4925-:4926+:4927+:4928-:4929-:4930+:4931+:4932+:4933+:4934+:4935+:4936+:4937+:4938+:4939+:4940+:4941+:4942+:4943+:4944+:4945+:4946+:4947+:4948+:4949+:4950+:4951+:4952+:4953+:4954+:4955+:4956-:4957+:4958+:4959+:4960+:4961+:4962+:4963+:4964+:4965+:4966+:4967+:4968+:4969+:4970+:4971+:4972+:4973+:4974+:4975+:4976+:4977+:4978+:4979+:4980+:4981+:4982+:4983+:4984+:4985+:4986+:4987+:4988+:4989+
1	PanOCT	STOP_CORE	4066090	4074022	.	+	.	ID=STOP_CORE63;Name=STOP_CORE;Note=START_CORE4549+:STOP_CORE4557-
1	PanOCT	fgi_CL	4066680	4074525	.	+	.	Parent=STOP_CORE63;Index=1;Note=
2	PanOCT	STOP_CORE	412806	413698	.	+	.	ID=STOP_CORE64;Name=STOP_CORE;Note=START_CORE87-:5762-:5763-:STOP_CORE84-
2	PanOCT	fgi_CL	411121	413877	.	+	.	Parent=STOP_CORE64;Index=1;Note=5762-:5763-
1	PanOCT	STOP_CORE	1495387	1497285	.	+	.	ID=STOP_CORE65;Name=STOP_CORE;Note=START_CORE1968+:5358-:5357-:STOP_CORE1969+
1	PanOCT	fgi_CL	1496112	1496920	.	+	.	Parent=STOP_CORE65;Index=1;Note=5358-:5357-
1	PanOCT	STOP_CORE	3341391	3342717	.	+	.	ID=STOP_CORE66;Name=STOP_CORE;Note=START_CORE3926-:5576-:STOP_CORE3927+
1	PanOCT	fgi_CL	3339418	3341566	.	+	.	Parent=STOP_CORE66;Index=1;Note=5576-
1	PanOCT	STOP_CORE	2123049	2133229	.	+	.	ID=STOP_CORE67;Name=STOP_CORE;Note=START_CORE2817-:5272-:5271-:5270-:5269-:5268-:5267-:5266-:5265-:5264-:STOP_CORE5263-
1	PanOCT	fgi_CL	2122612	2133681	.	+	.	Parent=STOP_CORE67;Index=1;Note=5272-:5271-:5270-:5269-:5268-:5267-:5266-:5265-:5264-
1	PanOCT	STOP_CORE	3932256	3933439	.	+	.	ID=STOP_CORE68;Name=STOP_CORE;Note=START_CORE4406-:4407-:STOP_CORE4408-
1	PanOCT	fgi_CL	3932065	3935550	.	+	.	Parent=STOP_CORE68;Index=1;Note=4407-
1	PanOCT	STOP_CORE	1712850	1733058	.	+	.	ID=STOP_CORE69;Name=STOP_CORE;Note=START_CORE2190-:5344+:STOP_CORE2192+
1	PanOCT	fgi_CL	1712110	1730896	.	+	.	Parent=STOP_CORE69;Index=1;Note=5344+
3	PanOCT	STOP_CORE	33363	35824	.	+	.	ID=STOP_CORE70;Name=STOP_CORE;Note=START_CORE41-:4902-:4901-:4900-:4899-:STOP_CORE42-
3	PanOCT	fgi_CL	32506	36378	.	+	.	Parent=STOP_CORE70;Index=1;Note=4902-:4901-:4900-:4899-
1	PanOCT	STOP_CORE	1624456	1625443	.	+	.	ID=STOP_CORE71;Name=STOP_CORE;Note=START_CORE2103+:STOP_CORE2105-
1	PanOCT	fgi_CL	1625130	1625751	.	+	.	Parent=STOP_CORE71;Index=1;Note=
2	PanOCT	STOP_CORE	185181	187425	.	+	.	ID=STOP_CORE72;Name=STOP_CORE;Note=START_CORE319-:317-:STOP_CORE316+
2	PanOCT	fgi_CL	184801	186478	.	+	.	Parent=STOP_CORE72;Index=1;Note=317-
1	PanOCT	STOP_CORE	2215645	2217976	.	+	.	ID=STOP_CORE73;Name=STOP_CORE;Note=START_CORE2901+:2902+:STOP_CORE2903-
1	PanOCT	fgi_CL	2216622	2218311	.	+	.	Parent=STOP_CORE73;Index=1;Note=2902+
1	PanOCT	STOP_CORE	192684	195237	.	+	.	ID=STOP_CORE74;Name=STOP_CORE;Note=START_CORE638-:STOP_CORE640+
1	PanOCT	fgi_CL	192280	194554	.	+	.	Parent=STOP_CORE74;Index=1;Note=
1	PanOCT	STOP_CORE	10042	4109100	.	+	.	ID=STOP_CORE75;Name=STOP_CORE;Note=START_CORE450-:5502-:5503+:4590+:4589+:4588+:4587+:4586+:4585-:4584+:STOP_CORE4583-
1	PanOCT	fgi_CL	10884	4108753	.	+	.	Parent=STOP_CORE75;Index=1;Note=5502-:5503+:4590+:4589+:4588+:4587+:4586+:4585-:4584+
1	PanOCT	STOP_CORE	618234	628489	.	+	.	ID=STOP_CORE76;Name=STOP_CORE;Note=START_CORE1033-:STOP_CORE1043-
1	PanOCT	fgi_CL	616876	629373	.	+	.	Parent=STOP_CORE76;Index=1;Note=
1	PanOCT	STOP_CORE	805789	810105	.	-	.	ID=STOP_CORE77;Name=STOP_CORE;Note=START_CORE1249+:STOP_CORE5368+
1	PanOCT	fgi_CL	806241	809227	.	-	.	Parent=STOP_CORE77;Index=1;Note=
4	PanOCT	U_CORE	19213	4089055	.	+	.	ID=U_CORE78;Name=U_CORE;Note=START_CORE3975-:5695-:5694+:5693+:5692+:5691+:5690+:5689+:5688+:5687+:5686+:5685+:5684+:5683+:5682+:4562-:U_CORE4563-
4	PanOCT	fgi_CL	19332	4089486	.	+	.	Parent=U_CORE78;Index=1;Note=5695-:5694+:5693+:5692+:5691+:5690+:5689+:5688+:5687+:5686+:5685+:5684+:5683+:5682+:4562-
1	PanOCT	STOP_CORE	2465665	2469432	.	+	.	ID=STOP_CORE79;Name=STOP_CORE;Note=START_CORE3126+:5219+:5218+:STOP_CORE3127+
1	PanOCT	fgi_CL	2467023	2468536	.	+	.	Parent=STOP_CORE79;Index=1;Note=5219+:5218+
1	PanOCT	STOP_CORE	82285	82894	.	+	.	ID=STOP_CORE80;Name=STOP_CORE;Note=START_CORE531+:533+:STOP_CORE534-
1	PanOCT	fgi_CL	82488	84228	.	+	.	Parent=STOP_CORE80;Index=1;Note=533+
1	PanOCT	STOP_CORE	344410	345736	.	+	.	ID=STOP_CORE81;Name=STOP_CORE;Note=START_CORE790+:STOP_CORE792-
1	PanOCT	fgi_CL	345585	346338	.	+	.	Parent=STOP_CORE81;Index=1;Note=
4	PanOCT	Break	41197	42198	.	-	.	ID=Break82;Name=Break;Note=START_CORE3976-
1	PanOCT	STOP_CORE	730668	751551	.	+	.	ID=STOP_CORE83;Name=STOP_CORE;Note=START_CORE5415-:5414-:5413-:5412+:5411-:5410-:5409-:5408-:5407-:5406+:5405+:5404+:5403+:5402+:5401+:5400+:5399+:5398+:5397+:5396+:5395+:1178+:1180+:1181+:5394+:1183+:5393+:1185+:5392+:5391+:5390+:5389+:5388+:5387+:5386+:5385+:5384+:5383+:5382+:STOP_CORE1197+
1	PanOCT	fgi_CL	730513	751174	.	+	.	Parent=STOP_CORE83;Index=1;Note=5414-:5413-:5412+:5411-:5410-:5409-:5408-:5407-:5406+:5405+:5404+:5403+:5402+:5401+:5400+:5399+:5398+:5397+:5396+:5395+:1178+:1180+:1181+:5394+:1183+:5393+:1185+:5392+:5391+:5390+:5389+:5388+:5387+:5386+:5385+:5384+:5383+:5382+
1	PanOCT	STOP_CORE	3622320	3627790	.	+	.	ID=STOP_CORE84;Name=STOP_CORE;Note=START_CORE4094-:4095-:4096-:4097-:4098-:4099-:4100+:4101+:4102-:4103-:STOP_CORE4104-
1	PanOCT	fgi_CL	3621190	3628215	.	+	.	Parent=STOP_CORE84;Index=1;Note=4095-:4096-:4097-:4098-:4099-:4100+:4101+:4102-:4103-
1	PanOCT	STOP_CORE	1699630	1704187	.	+	.	ID=STOP_CORE85;Name=STOP_CORE;Note=START_CORE2181+:STOP_CORE2183-
1	PanOCT	fgi_CL	1703529	1705563	.	+	.	Parent=STOP_CORE85;Index=1;Note=
1	PanOCT	STOP_CORE	213601	215007	.	+	.	ID=STOP_CORE86;Name=STOP_CORE;Note=START_CORE657+:5461+:STOP_CORE658+
1	PanOCT	fgi_CL	213921	214315	.	+	.	Parent=STOP_CORE86;Index=1;Note=5461+
1	PanOCT	STOP_CORE	1194831	1195888	.	+	.	ID=STOP_CORE87;Name=STOP_CORE;Note=START_CORE1620-:STOP_CORE1622-
1	PanOCT	fgi_CL	1193644	1197285	.	+	.	Parent=STOP_CORE87;Index=1;Note=
1	PanOCT	STOP_CORE	3369721	3388906	.	+	.	ID=STOP_CORE88;Name=STOP_CORE;Note=START_CORE3960+:5575-:5574-:5573+:5572-:5571-:5570-:5569+:5568+:5567+:5566+:5565+:5564+:5563+:5562+:5561+:5560+:5559+:5558+:5557+:STOP_CORE4054-
1	PanOCT	fgi_CL	3370431	3390687	.	+	.	Parent=STOP_CORE88;Index=1;Note=5575-:5574-:5573+:5572-:5571-:5570-:5569+:5568+:5567+:5566+:5565+:5564+:5563+:5562+:5561+:5560+:5559+:5558+:5557+
1	PanOCT	STOP_CORE	1647880	1654176	.	-	.	ID=STOP_CORE89;Name=STOP_CORE;Note=START_CORE2132+:STOP_CORE1216+
1	PanOCT	fgi_CL	1648560	1653940	.	-	.	Parent=STOP_CORE89;Index=1;Note=
2	PanOCT	U_CORE	57784	95950	.	+	.	ID=U_CORE90;Name=U_CORE;Note=START_CORE449-:4053+:4052+:4051+:4050+:4049+:4048+:4047+:4046+:4045+:4044+:5751-:5750-:5749-:5748+:4043+:4042+:4041+:4040+:4039+:4038+:4037+:4036+:4035+:4034+:4033+:4032+:4031+:4030-:4029+:4028+:4027+:4026+:4025+:4024+:4023+:4022+:4021+:4020+:4019+:5747-:5746-:5745-:5744-:5743-:4017+:4016+:4015+:4014+:4013+:4012-:4008+:5742+:5741-:5740-:5739+:5738-:5737-:3986+:5736-:5735+:5734+:5733+:5732+:5731-:5730-:5729-:5728-:5727-:5726-:5725+:5724+:5723-:U_CORE3980-
2	PanOCT	fgi_CL	58401	96273	.	+	.	Parent=U_CORE90;Index=1;Note=4053+:4052+:4051+:4050+:4049+:4048+:4047+:4046+:4045+:4044+:5751-:5750-:5749-:5748+:4043+:4042+:4041+:4040+:4039+:4038+:4037+:4036+:4035+:4034+:4033+:4032+:4031+:4030-:4029+:4028+:4027+:4026+:4025+:4024+:4023+:4022+:4021+:4020+:4019+:5747-:5746-:5745-:5744-:5743-:4017+:4016+:4015+:4014+:4013+:4012-:4008+:5742+:5741-:5740-:5739+:5738-:5737-:3986+:5736-:5735+:5734+:5733+:5732+:5731-:5730-:5729-:5728-:5727-:5726-:5725+:5724+:5723-
1	PanOCT	STOP_CORE	2721273	2723235	.	+	.	ID=STOP_CORE91;Name=STOP_CORE;Note=START_CORE3391-:STOP_CORE3393+
1	PanOCT	fgi_CL	2719300	2721544	.	+	.	Parent=STOP_CORE91;Index=1;Note=
2	PanOCT	STOP_CORE	76689	83101	.	+	.	ID=STOP_CORE92;Name=STOP_CORE;Note=START_CORE427-:STOP_CORE419-
2	PanOCT	fgi_CL	76369	85377	.	+	.	Parent=STOP_CORE92;Index=1;Note=
1	PanOCT	STOP_CORE	425602	435048	.	+	.	ID=STOP_CORE93;Name=STOP_CORE;Note=START_CORE869+:STOP_CORE874+
1	PanOCT	fgi_CL	428124	432841	.	+	.	Parent=STOP_CORE93;Index=1;Note=
1	PanOCT	STOP_CORE	3039363	3045384	.	+	.	ID=STOP_CORE94;Name=STOP_CORE;Note=START_CORE3653-:STOP_CORE3659+
1	PanOCT	fgi_CL	3038296	3044212	.	+	.	Parent=STOP_CORE94;Index=1;Note=
1	PanOCT	STOP_CORE	2110066	2122612	.	+	.	ID=STOP_CORE95;Name=STOP_CORE;Note=START_CORE2809+:5289-:5288-:5287-:5286-:5285-:5284-:5283-:5282+:5281-:5280-:5279-:5278-:5277-:5276-:5275+:5274-:5273-:STOP_CORE2817-
1	PanOCT	fgi_CL	2111157	2123049	.	+	.	Parent=STOP_CORE95;Index=1;Note=5289-:5288-:5287-:5286-:5285-:5284-:5283-:5282+:5281-:5280-:5279-:5278-:5277-:5276-:5275+:5274-:5273-
3	PanOCT	Break	100795	102132	.	-	.	ID=Break96;Name=Break;Note=START_CORE2324-:4889+:4888+:4887-:4886-:4885-:4884-:4883-:4882-:4881-:4880-:4879-:4878-:4877-:4876-:4875-:4874-:4873-:4872-:4871-:4870-:4869-:4868-:4867-:4866-:4865-:4864+:4863+:4862+:4861+:4860-:4859-:4858-:4857+:4856+:4855-:4854-:4853-:4852-:4851-:4850-:4849-:4848-:4847-:4846-:4845-:4844-
1	PanOCT	STOP_CORE	1928235	1954576	.	+	.	ID=STOP_CORE97;Name=STOP_CORE;Note=START_CORE2662-:2664-:STOP_CORE2680-
1	PanOCT	fgi_CL	1927267	1954881	.	+	.	Parent=STOP_CORE97;Index=1;Note=2664-
1	PanOCT	STOP_CORE	3857926	3866374	.	+	.	ID=STOP_CORE98;Name=STOP_CORE;Note=START_CORE4310+:5514-:5513-:5512-:5511-:5510-:5509-:STOP_CORE4318-
1	PanOCT	fgi_CL	3859341	3866868	.	+	.	Parent=STOP_CORE98;Index=1;Note=5514-:5513-:5512-:5511-:5510-:5509-
1	PanOCT	STOP_CORE	2027221	2055421	.	+	.	ID=STOP_CORE99;Name=STOP_CORE;Note=START_CORE2756+:5331-:5330-:5329-:5328-:5327-:5326-:5325-:5324-:5323-:5322-:5321-:5320-:5319-:5318-:5317-:5316-:5315+:5314-:5313-:5312-:5311-:5310-:5309-:5308-:5307-:5306-:5305-:5304-:5303+:5302+:5301+:5300+:5299-:5298-:5297-:5296-:5295-:5294-:5293-:5292+:5291+:STOP_CORE2757-
1	PanOCT	fgi_CL	2027514	2056053	.	+	.	Parent=STOP_CORE99;Index=1;Note=5331-:5330-:5329-:5328-:5327-:5326-:5325-:5324-:5323-:5322-:5321-:5320-:5319-:5318-:5317-:5316-:5315+:5314-:5313-:5312-:5311-:5310-:5309-:5308-:5307-:5306-:5305-:5304-:5303+:5302+:5301+:5300+:5299-:5298-:5297-:5296-:5295-:5294-:5293-:5292+:5291+
1	PanOCT	STOP_CORE	257554	259192	.	+	.	ID=STOP_CORE100;Name=STOP_CORE;Note=START_CORE710+:STOP_CORE712-
1	PanOCT	fgi_CL	258333	260724	.	+	.	Parent=STOP_CORE100;Index=1;Note=
1	PanOCT	STOP_CORE	1971957	1973011	.	+	.	ID=STOP_CORE101;Name=STOP_CORE;Note=START_CORE2695-:STOP_CORE2697-
1	PanOCT	fgi_CL	1969681	1973796	.	+	.	Parent=STOP_CORE101;Index=1;Note=
1	PanOCT	STOP_CORE	151992	152443	.	+	.	ID=STOP_CORE102;Name=STOP_CORE;Note=START_CORE587-:588-:STOP_CORE590-
1	PanOCT	fgi_CL	151237	153444	.	+	.	Parent=STOP_CORE102;Index=1;Note=588-
1	PanOCT	STOP_CORE	1038514	1054488	.	+	.	ID=STOP_CORE103;Name=STOP_CORE;Note=START_CORE1479+:STOP_CORE1488+
1	PanOCT	fgi_CL	1039551	1053115	.	+	.	Parent=STOP_CORE103;Index=1;Note=
1	PanOCT	STOP_CORE	1622598	1623781	.	+	.	ID=STOP_CORE104;Name=STOP_CORE;Note=START_CORE2099-:STOP_CORE2101-
1	PanOCT	fgi_CL	1621852	1624038	.	+	.	Parent=STOP_CORE104;Index=1;Note=
1	PanOCT	STOP_CORE	752533	755124	.	+	.	ID=STOP_CORE105;Name=STOP_CORE;Note=START_CORE1201+:5381+:5380-:STOP_CORE1202+
1	PanOCT	fgi_CL	752913	754384	.	+	.	Parent=STOP_CORE105;Index=1;Note=5381+:5380-
1	PanOCT	STOP_CORE	185089	189844	.	+	.	ID=STOP_CORE106;Name=STOP_CORE;Note=START_CORE635+:5465-:5464-:STOP_CORE636-
1	PanOCT	fgi_CL	186480	190662	.	+	.	Parent=STOP_CORE106;Index=1;Note=5465-:5464-
1	PanOCT	Break	1521442	1523034	.	-	.	ID=Break107;Name=Break;Note=START_CORE1993-
2	PanOCT	STOP_CORE	378316	382557	.	+	.	ID=STOP_CORE108;Name=STOP_CORE;Note=START_CORE121+:120+:STOP_CORE119+
2	PanOCT	fgi_CL	379005	381496	.	+	.	Parent=STOP_CORE108;Index=1;Note=120+
1	PanOCT	STOP_CORE	1919637	1924914	.	+	.	ID=STOP_CORE109;Name=STOP_CORE;Note=START_CORE2657-:5339-:5338+:5337+:5336+:5335+:5334+:STOP_CORE2658+
1	PanOCT	fgi_CL	1919443	1923982	.	+	.	Parent=STOP_CORE109;Index=1;Note=5339-:5338+:5337+:5336+:5335+:5334+
2	PanOCT	STOP_CORE	623305	637677	.	+	.	ID=STOP_CORE110;Name=STOP_CORE;Note=START_CORE4659+:4658+:5768-:STOP_CORE4645+
2	PanOCT	fgi_CL	624840	637225	.	+	.	Parent=STOP_CORE110;Index=1;Note=4658+:5768-
1	PanOCT	STOP_CORE	1241071	1242775	.	+	.	ID=STOP_CORE111;Name=STOP_CORE;Note=START_CORE1674+:STOP_CORE1677-
1	PanOCT	fgi_CL	1241988	1244094	.	+	.	Parent=STOP_CORE111;Index=1;Note=
1	PanOCT	STOP_CORE	782572	783927	.	+	.	ID=STOP_CORE112;Name=STOP_CORE;Note=START_CORE1227+:STOP_CORE1229+
1	PanOCT	fgi_CL	783438	783643	.	+	.	Parent=STOP_CORE112;Index=1;Note=
2	PanOCT	Break	701398	702597	.	+	.	ID=Break113;Name=Break;Note=START_CORE4592+:4591+:5770+:5771+
1	PanOCT	STOP_CORE	2673946	2677164	.	+	.	ID=STOP_CORE114;Name=STOP_CORE;Note=START_CORE3338+:5214-:STOP_CORE3339+
1	PanOCT	fgi_CL	2674872	2676250	.	+	.	Parent=STOP_CORE114;Index=1;Note=5214-
1	PanOCT	STOP_CORE	1355979	1356411	.	+	.	ID=STOP_CORE115;Name=STOP_CORE;Note=START_CORE1805-:5359+:STOP_CORE1806+
1	PanOCT	fgi_CL	1354954	1356160	.	+	.	Parent=STOP_CORE115;Index=1;Note=5359+
2	PanOCT	STOP_CORE	361882	364096	.	+	.	ID=STOP_CORE116;Name=STOP_CORE;Note=START_CORE137+:5760+:5761-:STOP_CORE136-
2	PanOCT	fgi_CL	362967	365079	.	+	.	Parent=STOP_CORE116;Index=1;Note=5760+:5761-
1	PanOCT	STOP_CORE	1259464	1261753	.	+	.	ID=STOP_CORE117;Name=STOP_CORE;Note=START_CORE1693+:STOP_CORE1695-
1	PanOCT	fgi_CL	1260249	1262427	.	+	.	Parent=STOP_CORE117;Index=1;Note=
1	PanOCT	STOP_CORE	2522746	2525236	.	+	.	ID=STOP_CORE118;Name=STOP_CORE;Note=START_CORE3193+:5216+:5215+:STOP_CORE3194-
1	PanOCT	fgi_CL	2523453	2526243	.	+	.	Parent=STOP_CORE118;Index=1;Note=5216+:5215+
1	PanOCT	STOP_CORE	1658683	1659688	.	+	.	ID=STOP_CORE119;Name=STOP_CORE;Note=START_CORE2138+:5346-:STOP_CORE2139-
1	PanOCT	fgi_CL	1658853	1660674	.	+	.	Parent=STOP_CORE119;Index=1;Note=5346-
2	PanOCT	STOP_CORE	516618	517231	.	+	.	ID=STOP_CORE120;Name=STOP_CORE;Note=START_CORE4769-:STOP_CORE4766-
2	PanOCT	fgi_CL	515701	518157	.	+	.	Parent=STOP_CORE120;Index=1;Note=
2	PanOCT	STOP_CORE	242704	245110	.	+	.	ID=STOP_CORE121;Name=STOP_CORE;Note=START_CORE257+:5754+:STOP_CORE256-
2	PanOCT	fgi_CL	243900	246492	.	+	.	Parent=STOP_CORE121;Index=1;Note=5754+
1	PanOCT	STOP_CORE	3454546	3615324	.	+	.	ID=STOP_CORE122;Name=STOP_CORE;Note=START_CORE4085+:STOP_CORE4086+
1	PanOCT	fgi_CL	3454818	3614950	.	+	.	Parent=STOP_CORE122;Index=1;Note=
1	PanOCT	STOP_CORE	1237039	1240083	.	+	.	ID=STOP_CORE123;Name=STOP_CORE;Note=START_CORE1663+:STOP_CORE1667+
1	PanOCT	fgi_CL	1237536	1238845	.	+	.	Parent=STOP_CORE123;Index=1;Note=
1	PanOCT	Break	2891536	2892405	.	-	.	ID=Break124;Name=Break;Note=START_CORE3570-:5151+:5150-:5149-:5148-:5147-:5146-:5145-:5144-:5143-:5142-:5141-:5140-:5139+:5138-:5137-:5136-:5135-:5134-:5133-:5132-:5131-:5130-:5129-:5128-:5127-:5126-:5125+:5124+:5123-:5122-:5121-:5120-:5119-:5118-:5117-:5116-:5115-:5114+:5113+:5112+:5111-:5110-:5109-:5108-:5107-:5106-:5105-
1	PanOCT	STOP_CORE	3420874	3454818	.	+	.	ID=STOP_CORE125;Name=STOP_CORE;Note=START_CORE4082+:4083+:4084-:STOP_CORE4085+
1	PanOCT	fgi_CL	3421167	3454546	.	+	.	Parent=STOP_CORE125;Index=1;Note=4083+:4084-
1	PanOCT	STOP_CORE	3286134	3286558	.	+	.	ID=STOP_CORE126;Name=STOP_CORE;Note=START_CORE3866-:5578-:STOP_CORE3868-
1	PanOCT	fgi_CL	3285994	3287295	.	+	.	Parent=STOP_CORE126;Index=1;Note=5578-
1	PanOCT	STOP_CORE	3982267	3986514	.	+	.	ID=STOP_CORE127;Name=STOP_CORE;Note=START_CORE4466+:4467-:STOP_CORE4468+
1	PanOCT	fgi_CL	3983142	3984898	.	+	.	Parent=STOP_CORE127;Index=1;Note=4467-
1	PanOCT	STOP_CORE	1117186	1120359	.	+	.	ID=STOP_CORE128;Name=STOP_CORE;Note=START_CORE1556+:STOP_CORE1559+
1	PanOCT	fgi_CL	1117563	1119229	.	+	.	Parent=STOP_CORE128;Index=1;Note=
1	PanOCT	STOP_CORE	2223805	2230396	.	+	.	ID=STOP_CORE129;Name=STOP_CORE;Note=START_CORE2911+:5260-:5259-:5258-:5257-:5256-:5255-:5254-:STOP_CORE2912-
1	PanOCT	fgi_CL	2224980	2231034	.	+	.	Parent=STOP_CORE129;Index=1;Note=5260-:5259-:5258-:5257-:5256-:5255-:5254-
1	PanOCT	STOP_CORE	202290	203277	.	+	.	ID=STOP_CORE130;Name=STOP_CORE;Note=START_CORE645-:STOP_CORE647+
1	PanOCT	fgi_CL	201676	202675	.	+	.	Parent=STOP_CORE130;Index=1;Note=
1	PanOCT	STOP_CORE	1099453	1101417	.	+	.	ID=STOP_CORE131;Name=STOP_CORE;Note=START_CORE1535+:STOP_CORE1537+
1	PanOCT	fgi_CL	1100577	1100713	.	+	.	Parent=STOP_CORE131;Index=1;Note=
1	PanOCT	STOP_CORE	3158032	3162120	.	+	.	ID=STOP_CORE132;Name=STOP_CORE;Note=START_CORE3740+:5580-:5579-:STOP_CORE3741+
1	PanOCT	fgi_CL	3158259	3159562	.	+	.	Parent=STOP_CORE132;Index=1;Note=5580-:5579-
1	PanOCT	STOP_CORE	3296544	3297339	.	+	.	ID=STOP_CORE133;Name=STOP_CORE;Note=START_CORE3880-:5577+:STOP_CORE3881+
1	PanOCT	fgi_CL	3295888	3296611	.	+	.	Parent=STOP_CORE133;Index=1;Note=5577+
1	PanOCT	STOP_CORE	727527	730306	.	+	.	ID=STOP_CORE134;Name=STOP_CORE;Note=START_CORE1150-:1151-:5419-:5418-:5417-:1155-:STOP_CORE5416-
1	PanOCT	fgi_CL	727312	730512	.	+	.	Parent=STOP_CORE134;Index=1;Note=1151-:5419-:5418-:5417-:1155-
1	PanOCT	STOP_CORE	2392104	2393032	.	+	.	ID=STOP_CORE135;Name=STOP_CORE;Note=START_CORE3064-:STOP_CORE3066-
1	PanOCT	fgi_CL	2390749	2393853	.	+	.	Parent=STOP_CORE135;Index=1;Note=
2	PanOCT	STOP_CORE	568693	569581	.	+	.	ID=STOP_CORE136;Name=STOP_CORE;Note=START_CORE4706+:5766+:STOP_CORE4705-
2	PanOCT	fgi_CL	568902	569895	.	+	.	Parent=STOP_CORE136;Index=1;Note=5766+
1	PanOCT	STOP_CORE	609403	614890	.	+	.	ID=STOP_CORE137;Name=STOP_CORE;Note=START_CORE1025+:STOP_CORE1030-
1	PanOCT	fgi_CL	610848	615477	.	+	.	Parent=STOP_CORE137;Index=1;Note=
1	PanOCT	STOP_CORE	1865170	1870863	.	+	.	ID=STOP_CORE138;Name=STOP_CORE;Note=START_CORE2600+:2601+:STOP_CORE2602+
1	PanOCT	fgi_CL	1865742	1867126	.	+	.	Parent=STOP_CORE138;Index=1;Note=2601+
1	PanOCT	STOP_CORE	1818187	1821528	.	+	.	ID=STOP_CORE139;Name=STOP_CORE;Note=START_CORE2553+:STOP_CORE2556+
1	PanOCT	fgi_CL	1819161	1820623	.	+	.	Parent=STOP_CORE139;Index=1;Note=
1	PanOCT	STOP_CORE	3692073	3720804	.	+	.	ID=STOP_CORE140;Name=STOP_CORE;Note=START_CORE4166-:5553-:5552-:5551-:5550-:5549-:5548-:5547-:5546-:5545-:5544-:5543-:5542-:5541-:5540-:5539-:5538-:5537-:5536-:5535-:5534-:5533-:5532-:5531-:5530-:5529+:5528+:5527-:5526-:5525-:5524-:5523-:5522-:5521-:5520-:5519-:5518-:5517+:5516+:5515+:STOP_CORE4167+
1	PanOCT	fgi_CL	3691570	3719638	.	+	.	Parent=STOP_CORE140;Index=1;Note=5553-:5552-:5551-:5550-:5549-:5548-:5547-:5546-:5545-:5544-:5543-:5542-:5541-:5540-:5539-:5538-:5537-:5536-:5535-:5534-:5533-:5532-:5531-:5530-:5529+:5528+:5527-:5526-:5525-:5524-:5523-:5522-:5521-:5520-:5519-:5518-:5517+:5516+:5515+
1	PanOCT	STOP_CORE	2150046	2150962	.	+	.	ID=STOP_CORE141;Name=STOP_CORE;Note=START_CORE2833-:5262-:5261-:STOP_CORE2835-
1	PanOCT	fgi_CL	2149648	2152458	.	+	.	Parent=STOP_CORE141;Index=1;Note=5262-:5261-
4	PanOCT	U_CORE	19213	96274	.	+	.	ID=U_CORE142;Name=U_CORE;Note=START_CORE3975+:5696-:5697-:5698+:5699+:5700+:5701+:5702+:5703+:5704-:5705-:5706+:5707+:5708-:5709-:5710+:5711-:5712-:5713+:5714+:5715+:5716-:5717-:5718-:5719-:5720-:5721-:5722-:U_CORE3981+
4	PanOCT	fgi_CL	19332	96627	.	+	.	Parent=U_CORE142;Index=1;Note=5696-:5697-:5698+:5699+:5700+:5701+:5702+:5703+:5704-:5705-:5706+:5707+:5708-:5709-:5710+:5711-:5712-:5713+:5714+:5715+:5716-:5717-:5718-:5719-:5720-:5721-:5722-
2	PanOCT	STOP_CORE	146739	147325	.	+	.	ID=STOP_CORE143;Name=STOP_CORE;Note=START_CORE354-:5752+:5753+:STOP_CORE351-
2	PanOCT	fgi_CL	145870	148953	.	+	.	Parent=STOP_CORE143;Index=1;Note=5752+:5753+
1	PanOCT	STOP_CORE	1269180	1269813	.	+	.	ID=STOP_CORE144;Name=STOP_CORE;Note=START_CORE1705-:5361+:STOP_CORE1706+
1	PanOCT	fgi_CL	1268533	1269361	.	+	.	Parent=STOP_CORE144;Index=1;Note=5361+
1	PanOCT	STOP_CORE	759496	762801	.	+	.	ID=STOP_CORE145;Name=STOP_CORE;Note=START_CORE1207+:1208+:STOP_CORE1209+
1	PanOCT	fgi_CL	759963	760327	.	+	.	Parent=STOP_CORE145;Index=1;Note=1208+
1	PanOCT	STOP_CORE	129108	130669	.	+	.	ID=STOP_CORE146;Name=STOP_CORE;Note=START_CORE569-:5501+:5500+:5499+:5498+:STOP_CORE570-
1	PanOCT	fgi_CL	127693	131613	.	+	.	Parent=STOP_CORE146;Index=1;Note=5501+:5500+:5499+:5498+
1	PanOCT	STOP_CORE	3322765	3324787	.	+	.	ID=STOP_CORE147;Name=STOP_CORE;Note=START_CORE3908+:STOP_CORE3910-
1	PanOCT	fgi_CL	3323520	3326424	.	+	.	Parent=STOP_CORE147;Index=1;Note=
1	PanOCT	STOP_CORE	490510	525157	.	+	.	ID=STOP_CORE148;Name=STOP_CORE;Note=START_CORE932+:5455+:5454+:5453-:5452+:5451+:5450+:5449+:5448+:5447+:5446+:5445+:5444+:5443+:5442+:5441+:5440+:5439+:5438+:5437+:5436+:5435+:5434+:5433+:5432-:5431-:5430-:5429-:5428-:STOP_CORE940-
1	PanOCT	fgi_CL	491247	525924	.	+	.	Parent=STOP_CORE148;Index=1;Note=5455+:5454+:5453-:5452+:5451+:5450+:5449+:5448+:5447+:5446+:5445+:5444+:5443+:5442+:5441+:5440+:5439+:5438+:5437+:5436+:5435+:5434+:5433+:5432-:5431-:5430-:5429-:5428-
1	PanOCT	STOP_CORE	3416124	3416452	.	+	.	ID=STOP_CORE149;Name=STOP_CORE;Note=START_CORE4079-:4080-:STOP_CORE4081-
1	PanOCT	fgi_CL	3415117	3419724	.	+	.	Parent=STOP_CORE149;Index=1;Note=4080-
1	PanOCT	STOP_CORE	2162875	2166897	.	+	.	ID=STOP_CORE150;Name=STOP_CORE;Note=START_CORE2845+:STOP_CORE2847+
1	PanOCT	fgi_CL	2163882	2165218	.	+	.	Parent=STOP_CORE150;Index=1;Note=
1	PanOCT	STOP_CORE	2468536	2485366	.	+	.	ID=STOP_CORE151;Name=STOP_CORE;Note=START_CORE3127+:STOP_CORE3142-
1	PanOCT	fgi_CL	2469432	2486415	.	+	.	Parent=STOP_CORE151;Index=1;Note=
1	PanOCT	STOP_CORE	784944	786633	.	+	.	ID=STOP_CORE152;Name=STOP_CORE;Note=START_CORE1231-:STOP_CORE1233+
1	PanOCT	fgi_CL	784579	785533	.	+	.	Parent=STOP_CORE152;Index=1;Note=
2	PanOCT	STOP_CORE	543555	544527	.	+	.	ID=STOP_CORE153;Name=STOP_CORE;Note=START_CORE4741-:5765+:STOP_CORE4740+
2	PanOCT	fgi_CL	542089	543694	.	+	.	Parent=STOP_CORE153;Index=1;Note=5765+
1	PanOCT	STOP_CORE	2491953	2493144	.	+	.	ID=STOP_CORE154;Name=STOP_CORE;Note=START_CORE3148-:5217+:3162+:STOP_CORE3163+
1	PanOCT	fgi_CL	2491186	2492704	.	+	.	Parent=STOP_CORE154;Index=1;Note=5217+:3162+
2	PanOCT	STOP_CORE	92527	95721	.	+	.	ID=STOP_CORE155;Name=STOP_CORE;Note=START_CORE410+:409+:408+:STOP_CORE407+
2	PanOCT	fgi_CL	94203	95572	.	+	.	Parent=STOP_CORE155;Index=1;Note=409+:408+
1	PanOCT	STOP_CORE	1018311	1020784	.	+	.	ID=STOP_CORE156;Name=STOP_CORE;Note=START_CORE1455-:STOP_CORE1457-
1	PanOCT	fgi_CL	1017325	1021455	.	+	.	Parent=STOP_CORE156;Index=1;Note=
1	PanOCT	STOP_CORE	2937853	2985694	.	+	.	ID=STOP_CORE157;Name=STOP_CORE;Note=START_CORE3593+:5669+:5668-:5667-:5666+:STOP_CORE1871-
1	PanOCT	fgi_CL	2938332	2986224	.	+	.	Parent=STOP_CORE157;Index=1;Note=5669+:5668-:5667-:5666+
1	PanOCT	STOP_CORE	724692	727312	.	+	.	ID=STOP_CORE158;Name=STOP_CORE;Note=START_CORE1142-:1145-:1146-:5421-:1148-:5420-:STOP_CORE1150-
1	PanOCT	fgi_CL	723532	727527	.	+	.	Parent=STOP_CORE158;Index=1;Note=1145-:1146-:5421-:1148-:5420-
1	PanOCT	STOP_CORE	823159	826764	.	+	.	ID=STOP_CORE159;Name=STOP_CORE;Note=START_CORE1263+:1264+:1265+:STOP_CORE1266+
1	PanOCT	fgi_CL	825189	825856	.	+	.	Parent=STOP_CORE159;Index=1;Note=1264+:1265+
1	PanOCT	STOP_CORE	2771616	2772649	.	+	.	ID=STOP_CORE160;Name=STOP_CORE;Note=START_CORE3487-:STOP_CORE3489-
1	PanOCT	fgi_CL	2771398	2774187	.	+	.	Parent=STOP_CORE160;Index=1;Note=
1	PanOCT	U_CORE	4077870	4090885	.	+	.	ID=U_CORE161;Name=U_CORE;Note=START_CORE4561-:5505-:5504-:U_CORE4565-
1	PanOCT	fgi_CL	4076848	4091562	.	+	.	Parent=U_CORE161;Index=1;Note=5505-:5504-
1	PanOCT	STOP_CORE	3615598	3621190	.	+	.	ID=STOP_CORE162;Name=STOP_CORE;Note=START_CORE4088+:4089+:4090+:4091+:4092+:4093-:STOP_CORE4094-
1	PanOCT	fgi_CL	3616704	3622320	.	+	.	Parent=STOP_CORE162;Index=1;Note=4089+:4090+:4091+:4092+:4093-
1	PanOCT	STOP_CORE	2405430	2421523	.	+	.	ID=STOP_CORE163;Name=STOP_CORE;Note=START_CORE3078-:3079-:5232-:5231-:5230-:5229-:5228-:5227-:5226-:5225-:5224-:5223-:5222-:5221-:5220-:STOP_CORE3092-
1	PanOCT	fgi_CL	2404027	2422416	.	+	.	Parent=STOP_CORE163;Index=1;Note=3079-:5232-:5231-:5230-:5229-:5228-:5227-:5226-:5225-:5224-:5223-:5222-:5221-:5220-
1	PanOCT	Break	2921638	2922756	.	-	.	ID=Break164;Name=Break;Note=START_CORE3571+:5670-:5671-:5672+:5673+:5674+:5675+:5676+:5677+
2	PanOCT	STOP_CORE	578310	579073	.	+	.	ID=STOP_CORE165;Name=STOP_CORE;Note=START_CORE4699-:5767-:STOP_CORE4698-
2	PanOCT	fgi_CL	577651	581721	.	+	.	Parent=STOP_CORE165;Index=1;Note=5767-
1	PanOCT	STOP_CORE	2641515	2642784	.	+	.	ID=STOP_CORE166;Name=STOP_CORE;Note=START_CORE3300-:STOP_CORE3302+
1	PanOCT	fgi_CL	2640967	2642158	.	+	.	Parent=STOP_CORE166;Index=1;Note=
1	PanOCT	STOP_CORE	218880	222219	.	+	.	ID=STOP_CORE167;Name=STOP_CORE;Note=START_CORE662-:5460+:STOP_CORE667+
1	PanOCT	fgi_CL	217612	220852	.	+	.	Parent=STOP_CORE167;Index=1;Note=5460+
1	PanOCT	STOP_CORE	2692908	2693442	.	+	.	ID=STOP_CORE168;Name=STOP_CORE;Note=START_CORE3354-:3355+:STOP_CORE3356+
1	PanOCT	fgi_CL	2691496	2693104	.	+	.	Parent=STOP_CORE168;Index=1;Note=3355+
1	PanOCT	STOP_CORE	3648067	3655678	.	+	.	ID=STOP_CORE169;Name=STOP_CORE;Note=START_CORE4122+:STOP_CORE4129-
1	PanOCT	fgi_CL	3648900	3657567	.	+	.	Parent=STOP_CORE169;Index=1;Note=
1	PanOCT	STOP_CORE	2383435	2386303	.	+	.	ID=STOP_CORE170;Name=STOP_CORE;Note=START_CORE3058+:5233-:STOP_CORE3059-
1	PanOCT	fgi_CL	2384886	2386635	.	+	.	Parent=STOP_CORE170;Index=1;Note=5233-
1	PanOCT	Break	1521442	1523034	.	-	.	ID=Break171;Name=Break;Note=START_CORE1993+
2	PanOCT	STOP_CORE	523522	528145	.	+	.	ID=STOP_CORE172;Name=STOP_CORE;Note=START_CORE4760+:STOP_CORE4755-
2	PanOCT	fgi_CL	523731	528465	.	+	.	Parent=STOP_CORE172;Index=1;Note=
1	PanOCT	STOP_CORE	2833072	2869821	.	-	.	ID=STOP_CORE173;Name=STOP_CORE;Note=START_CORE3547+:5153+:5154-:5155-:5156-:5157-:5158-:5159-:5160-:5161-:5162+:5163-:5164-:5165+:5166+:5167+:5168+:5169+:5170+:5171+:5172+:5173+:5174+:5175+:5176+:5177+:5178+:5179+:5180+:5181+:5182+:5183+:5184+:5185+:5186+:5187+:5188+:5189+:5190+:5191+:5192+:5193+:5194+:5195+:5196+:5197+:5198+:5199+:5200+:5201+:5202+:5203+:5204+:5205+:5206+:1865+:1866+:1867+:1868+:1869+:5207+:5208+:5209+:5210+:1872+:5211+:STOP_CORE3546+
1	PanOCT	fgi_CL	2834874	2869348	.	-	.	Parent=STOP_CORE173;Index=1;Note=5153+:5154-:5155-:5156-:5157-:5158-:5159-:5160-:5161-:5162+:5163-:5164-:5165+:5166+:5167+:5168+:5169+:5170+:5171+:5172+:5173+:5174+:5175+:5176+:5177+:5178+:5179+:5180+:5181+:5182+:5183+:5184+:5185+:5186+:5187+:5188+:5189+:5190+:5191+:5192+:5193+:5194+:5195+:5196+:5197+:5198+:5199+:5200+:5201+:5202+:5203+:5204+:5205+:5206+:1865+:1866+:1867+:1868+:1869+:5207+:5208+:5209+:5210+:1872+:5211+
